<?xml version='1.0' encoding='UTF-8'?>
<images_actives:project xmlns:xsi="http://www.w3.org/2001/XMLSchema_instance" xmlns:accordion="http://www.crdp.ac_versailles.fr/2011/images_actives/layouts/accordion" xmlns:draw="urn:oasis:names:tc:opendocument:xmlns:drawing:1.0" xmlns:images_actives="http://www.crdp.ac_versailles.fr/2011/images_actives" xmlns:covering_captions="http://www.crdp.ac_versailles.fr/2011/images_actives/layouts/covering_captions" xmlns:discovery="http://www.crdp.ac_versailles.fr/2011/images_actives/behaviors/discovery" xmlns:top_bottom_captions="http://www.crdp.ac_versailles.fr/2011/images_actives/layouts/top_bottom_captions" xmlns:quiz="http://www.crdp.ac_versailles.fr/2011/images_actives/behaviors/quiz" xmlns:svg="urn:oasis:names:tc:opendocument:xmlns:svg_compatible:1.0">
 <images_actives:export_size>
  <images_actives:width>799</images_actives:width>
  <images_actives:height>600</images_actives:height>
 </images_actives:export_size>
 <images_actives:colors>
  <images_actives:color id="color_0">0xf0f2ff</images_actives:color>
  <images_actives:color id="color_1">0x72baff</images_actives:color>
  <images_actives:color id="color_2">0x705720</images_actives:color>
  <images_actives:color id="color_3">0xffd248</images_actives:color>
  <images_actives:color id="color_4">0xFFFFFF</images_actives:color>
 </images_actives:colors>
 <images_actives:layout layout_pattern="covering_captions">
  <accordion:horizontal_image_portion>0.65</accordion:horizontal_image_portion>
  <covering_captions:captions_alpha>1</covering_captions:captions_alpha>
 </images_actives:layout>
 <images_actives:common_interactivity_parameters>
  <images_actives:outline_alpha>1</images_actives:outline_alpha>
  <images_actives:outline_color>0xCC0000</images_actives:outline_color>
  <images_actives:outline_thickness>5</images_actives:outline_thickness>
  <images_actives:outline_intensity>5</images_actives:outline_intensity>
  <images_actives:shading_color>0xFFFFFF</images_actives:shading_color>
  <images_actives:shading_alpha>0.5</images_actives:shading_alpha>
  <images_actives:cursor_color>0xFFFFFF</images_actives:cursor_color>
  <images_actives:zoom_background_color>0x000000</images_actives:zoom_background_color>
  <images_actives:zoom_background_alpha>1</images_actives:zoom_background_alpha>
  <images_actives:zoom_duration>8</images_actives:zoom_duration>
  <images_actives:roll_over_coloration>0x003366</images_actives:roll_over_coloration>
  <images_actives:roll_over_brightness>0.8</images_actives:roll_over_brightness>
 </images_actives:common_interactivity_parameters>
 <images_actives:common_texts>
  <images_actives:fullscreen_tooltip>Plein écran</images_actives:fullscreen_tooltip>
  <images_actives:normal_screen_tooltip>Quitter le mode plein écran</images_actives:normal_screen_tooltip>
  <images_actives:information_tooltip>A propos d'images actives</images_actives:information_tooltip>
  <images_actives:general_description_tooltip>Description générale</images_actives:general_description_tooltip>
  <images_actives:all_details_button_tooltip>Afficher tous les détails</images_actives:all_details_button_tooltip>
 </images_actives:common_texts>
 <images_actives:specific_interactivity_parameters interactivity_type="discovery"/>
 <images_actives:specific_texts/>
</images_actives:project>
